family,observations,MAE,RMSE,actual_mean,predicted_mean
BEVERAGES,1512,448.7270338674071,685.2337528204022,3539.587962962963,3485.6074
GROCERY I,1512,440.77977771125273,656.653143095968,4567.357906746032,4511.9375
CLEANING,1512,243.95960249724212,489.68870729510604,1281.584656084656,1235.9768
PRODUCE,1512,183.39965212951014,291.94863143668306,2296.604372989418,2285.9194
DAIRY,1512,78.40856400242558,121.52900581651885,840.9821428571429,837.12775
BREAD/BAKERY,1512,56.72342389620342,92.00226335461423,533.9394609325396,520.8685
MEATS,1512,50.703517474963796,81.02402524355193,376.8996856117725,360.5074
PERSONAL CARE,1512,49.57296924742441,87.26775535196337,316.4047619047619,306.062
POULTRY,1512,46.44410242667781,96.44389680030169,381.3441401646825,375.82022
HOME CARE,1512,45.794623420352025,69.8928767649434,305.6792328042328,307.83844
DELI,1512,36.60407892293133,50.158931371112445,303.64030159391535,309.88855
EGGS,1512,36.13898761310275,63.53953766233068,196.64153439153438,190.81406
"LIQUOR,WINE,BEER",1512,28.376258138468657,53.983637183803914,100.25992063492063,94.63486
FROZEN FOODS,1512,23.703322216807862,36.034477959320846,129.69508796296296,125.761406
PREPARED FOODS,1512,18.26367400903064,24.603621812577234,88.12193124272486,76.16255
SCHOOL AND OFFICE SUPPLIES,1512,14.125906503232375,54.11776190728266,38.09126984126984,32.952404
HOME AND KITCHEN II,1512,13.9121583885921,30.973373943511405,31.11706349206349,23.38464
GROCERY II,1512,12.716058342546352,20.20777564259283,32.992063492063494,26.183147
HOME AND KITCHEN I,1512,12.301859983129713,18.961217759928946,30.858465608465607,24.305374
CELEBRATION,1512,7.957418240701641,14.3378409463457,13.173941798941799,6.4630475
SEAFOOD,1512,6.83186610551118,9.85706361418828,19.939818808068786,14.51317
PLAYERS AND ELECTRONICS,1512,6.444008543441274,8.33657938075574,11.572089947089948,5.700689
LAWN AND GARDEN,1512,6.114141068981822,9.68964172647933,15.651455026455027,11.373951
AUTOMOTIVE,1512,5.577514183525213,7.087371498771507,7.318783068783069,2.1201854
PET SUPPLIES,1512,5.086655171938541,7.271055998715248,8.371693121693122,3.7711182
LADIESWEAR,1512,5.062505280987973,8.171036874883947,10.828042328042327,6.9146705
LINGERIE,1512,5.018045918328599,7.5320612952349215,7.023148148148148,2.6935582
MAGAZINES,1512,4.575064351150542,6.908510503542962,6.908730158730159,2.5563896
BEAUTY,1512,4.004232140731007,5.575449272950409,6.112433862433862,2.5566084
HARDWARE,1512,1.423409065899683,2.297338789915659,1.4517195767195767,0.1632224
HOME APPLIANCES,1512,0.25698510543985303,0.6467303519116422,0.22685185185185186,0.056712862
BABY CARE,1512,0.21568957625742924,0.6024432748833825,0.17857142857142858,0.04970683
BOOKS,1512,0.052384315778023355,0.24387646286771866,0.01455026455026455,0.043630235
