date,observations,MAE,RMSE,actual_total,predicted_total,error,abs_error,relative_error_pct
2017-08-12,1782,110.86151884359045,373.9047303707592,792630.5350785,947584.4,-154953.86492149998,154953.86492149998,19.549318132962636
2017-08-13,1782,80.03925702415256,282.5713880688171,865639.677471,978886.94,-113247.26252899994,113247.26252899994,13.08249442306714
2017-08-05,1782,72.00128503715611,215.44152334259564,965693.650492,1056010.1,-90316.44950800005,90316.44950800005,9.35249490995263
2017-07-28,1782,62.73463988629422,218.8326531090971,835099.6822035,763889.75,71209.93220349995,71209.93220349995,8.527117626916695
2017-08-06,1782,78.81213205331122,265.0130218960455,1049559.164277,1111871.9,-62312.73572300002,62312.73572300002,5.93703888679061
2017-08-03,1782,60.268660724477954,184.1472458006444,728068.485132,787979.5,-59911.01486800006,59911.01486800006,8.228760905251667
2017-08-11,1782,81.46527382660243,264.9418973364315,826373.722022,773355.0,53018.722022,53018.722022,6.415828651021471
2017-07-24,1782,54.9525821420722,184.5651333573657,816564.327096,765129.44,51434.88709600002,51434.88709600002,6.29893878402957
2017-07-29,1782,68.81481133763107,249.4960436267296,1032310.865737,989032.1,43278.76573700004,43278.76573700004,4.192415983735861
2017-07-27,1782,54.724790770636346,252.57930877165964,659849.8270588,617933.0,41916.82705880003,41916.82705880003,6.352479812814253
2017-08-15,1782,46.20042093903891,164.54338138517733,762661.935939,723877.25,38784.68593899999,38784.68593899999,5.085436169204871
2017-07-30,1782,73.15968041774256,267.6885842504828,1123752.4779517,1085332.0,38420.4779517001,38420.4779517001,3.4189448927160853
2017-07-20,1782,44.75060948372984,155.91784655982346,688288.067857,651082.44,37205.6278570001,37205.6278570001,5.405531432913059
2017-08-04,1782,63.84089390466963,222.81565929222936,827775.686128,861959.7,-34184.01387199992,34184.01387199992,4.12962284890233
2017-08-01,1782,67.71162006697936,221.65630939056467,988527.763204,959273.06,29254.703203999903,29254.703203999903,2.959421504680864
2017-08-08,1782,47.04859016029996,139.84199124241368,717766.3491055,745604.56,-27838.210894500022,27838.210894500022,3.8784502685578337
2017-07-23,1782,63.59028708101347,180.88461419264289,1024288.741245,1051403.5,-27114.75875499996,27114.75875499996,2.6471792242920267
2017-08-09,1782,42.3161957604808,126.82382320935288,734139.67401,761159.75,-27020.07599000004,27020.07599000004,3.680508893139045
2017-08-02,1782,56.00101213140064,197.90110645762385,964712.016051,939854.56,24857.45605099993,24857.45605099993,2.576671134744716
2017-07-22,1782,54.85899589380751,171.99059993812455,932902.046681,956003.0,-23100.953318999964,23100.953318999964,2.476246397056002
2017-08-07,1782,44.56598856916783,122.275711765292,797464.963817,819583.8,-22118.836183000007,22118.836183000007,2.773643631581008
2017-08-10,1782,47.75461626287843,154.41533557542644,651386.9119697,630986.9,20400.01196969999,20400.01196969999,3.1317810651143265
2017-07-31,1782,58.1305068921804,184.49617282035777,885856.8408705,897506.3,-11649.459129500086,11649.459129500086,1.3150498581748917
2017-07-26,1782,42.31098914933387,138.74164656410406,740653.044167,731501.56,9151.48416699993,9151.48416699993,1.2355966452946197
2017-07-19,1782,43.271308992675,150.76271649119005,767978.778078,759293.9,8684.878077999922,8684.878077999922,1.1308747488746154
2017-07-25,1782,39.67513057945397,124.30712486512388,713581.632609,705641.6,7940.032608999987,7940.032608999987,1.1127013709657307
2017-07-21,1782,47.12157063452974,167.88665297483269,782418.2992188,775951.75,6466.549218800035,6466.549218800035,0.8264823592771942
2017-08-14,1782,46.05859959597844,164.17329253531773,760922.4060808,756047.94,4874.466080800048,4874.466080800048,0.6405996251189958
