feature,importance
rolling_mean_7,0.5982554
lag_7,0.15178613
lag_14,0.08684314
lag_1,0.06751028
lag_28,0.0149756605
is_weekend,0.0147520285
day_of_week,0.0065965066
is_month_start,0.005625605
family_PRODUCE,0.0041415133
rolling_mean_14,0.0041337777
day_of_month,0.0039557205
month,0.0038105843
onpromotion,0.0035499071
family_FROZEN FOODS,0.0034649633
family_GROCERY I,0.0034647542
family_MEATS,0.0034360099
week_of_year,0.0033763938
store_nbr,0.0031257754
rolling_mean_28,0.0031218494
is_month_end,0.0025688868
year,0.0024950746
quarter,0.0020292737
family_BEVERAGES,0.0019701973
family_POULTRY,0.00093258935
family_CLEANING,0.0009247202
"family_LIQUOR,WINE,BEER",0.0007915984
family_EGGS,0.00050991547
family_PERSONAL CARE,0.00048394778
family_DAIRY,0.0003993002
family_HOME CARE,0.00038149382
family_GROCERY II,0.00031051124
family_BREAD/BAKERY,0.0001716248
family_DELI,0.000104912026
family_AUTOMOTIVE,0.0
family_BABY CARE,0.0
family_HOME AND KITCHEN II,0.0
family_HOME AND KITCHEN I,0.0
family_HARDWARE,0.0
family_CELEBRATION,0.0
family_BOOKS,0.0
family_BEAUTY,0.0
family_LAWN AND GARDEN,0.0
family_HOME APPLIANCES,0.0
family_MAGAZINES,0.0
family_LINGERIE,0.0
family_LADIESWEAR,0.0
family_PET SUPPLIES,0.0
family_PLAYERS AND ELECTRONICS,0.0
family_PREPARED FOODS,0.0
family_SCHOOL AND OFFICE SUPPLIES,0.0
family_SEAFOOD,0.0
