date,observations,MAE,RMSE,actual_total,predicted_total
2017-08-12,1782,88.1896332210191,305.2336539248392,792630.5350785,890699.06
2017-08-11,1782,83.34494349957083,263.6809153434449,826373.722022,753775.2
2017-07-30,1782,80.26282797509394,296.46395612573986,1123752.4779517,1.0430588e+06
2017-07-29,1782,73.17337638902536,260.04926852718165,1032310.865737,959928.2
2017-08-06,1782,70.53626079995213,222.66330077901708,1049559.164277,1.0683264e+06
2017-08-01,1782,69.43095202105849,234.2322168616765,988527.763204,936553.56
2017-07-28,1782,67.47527766307925,229.85510415160576,835099.6822035,743446.75
2017-07-23,1782,64.30406579028723,185.5815556920705,1024288.741245,1.0443786e+06
2017-08-05,1782,62.68139825464037,190.8272039475217,965693.650492,1.0115176e+06
2017-08-02,1782,59.6838473320412,223.56558944212586,964712.016051,925731.9
2017-08-04,1782,59.42064650269487,202.5880873294788,827775.686128,835831.0
2017-07-24,1782,59.13875333106158,188.93929010312695,816564.327096,742585.9
2017-07-31,1782,58.04911172900877,193.21534766223016,885856.8408705,868830.7
2017-08-03,1782,56.046858021904775,168.24303681650403,728068.485132,767454.6
2017-07-27,1782,55.79288855523131,252.93000184438992,659849.8270588,597910.7
2017-08-13,1782,52.99681968344793,193.9572434806369,865639.677471,889930.56
2017-07-22,1782,52.54723858596665,166.60514242832116,932902.046681,950976.3
2017-08-10,1782,51.354873484248834,162.32701794643168,651386.9119697,603645.6
2017-08-15,1782,48.48600832182124,163.94094127763913,762661.935939,731530.0
2017-07-21,1782,46.183678315237756,162.67314301465024,782418.2992188,773972.94
2017-08-07,1782,45.915678299265714,122.49664649088366,797464.963817,799354.5
2017-08-14,1782,45.51641141081875,147.48534275334654,760922.4060808,758355.1
2017-07-20,1782,45.36382602999678,156.54877240654125,688288.067857,647220.1
2017-07-26,1782,44.853761494782866,140.77286279144954,740653.044167,712817.1
2017-08-08,1782,43.93904170967413,129.6263801377756,717766.3491055,723220.56
2017-07-19,1782,43.23735685304432,152.55266071596537,767978.778078,764231.06
2017-08-09,1782,41.99865003550017,115.55155311344883,734139.67401,737233.0
2017-07-25,1782,41.58229093535175,125.8323954710782,713581.632609,685866.5
