store_nbr,observations,MAE,RMSE,actual_mean,predicted_mean
44,924,109.7795296966022,329.7289622246055,1304.0513127316017,1309.5227
40,924,107.84472330024477,419.3426047450194,521.3209155735931,484.5029
47,924,96.4428216039242,292.93806643438296,1128.631094181818,1111.6552
39,924,91.06192118723044,329.1509522825259,501.41375446536796,497.546
45,924,91.05425764401032,244.53334387605804,1222.1292940032467,1194.9158
46,924,89.1287303467685,257.62745242950587,899.0562848506494,903.5962
28,924,88.11019889241379,316.48211225474137,461.4723754935065,437.7294
52,924,83.18859003580646,242.02377075708634,707.8793980988095,675.83636
48,924,80.04938919969518,208.498355852295,774.9383377857143,760.38885
20,924,79.39553434577715,303.00169321332726,522.5522238908009,499.53427
51,924,77.59517717525348,217.94751503271112,709.7387834967533,702.24286
3,924,77.14216018381039,213.84751283356766,1056.0109208495671,1055.483
41,924,73.22253284657266,226.0289735218274,414.17113635497833,404.1887
11,924,72.69781747524961,212.30422775192022,601.8716525238095,584.1874
38,924,72.13103523517087,275.44719596416627,395.4388214902597,386.8429
49,924,71.91123300505886,183.1056271389959,985.5790184383117,992.5213
54,924,67.32842642127251,283.78330373485073,321.6090638430736,310.69644
50,924,67.21565196575935,169.43093006289794,642.015122185065,636.143
21,924,67.15129601030226,235.71773327332903,431.2436679296537,410.8124
43,924,62.94838481409948,213.97183050645563,484.9240300822511,470.7128
29,924,61.42851451083722,186.71948311319886,384.3941082348485,369.62927
31,924,60.21347688572581,211.74751836527187,435.02942760822515,418.55197
25,924,58.528857999374246,229.10268421344682,282.96088539502165,245.94798
14,924,56.51673028971722,236.01669749165782,255.96407575974027,240.87692
9,924,56.356281465441306,165.19791516456843,537.6323624962122,524.1232
27,924,55.64335396356242,167.9596806303009,456.50616978950217,443.5983
37,924,55.46515161006229,158.25909516707847,393.0985345887446,402.17462
36,924,54.22409710987738,172.2906099736552,377.5134793474026,347.50436
30,924,53.261934939143146,235.11322904406046,198.01041554545455,183.4989
42,924,53.17688817335482,177.32626653242355,366.45928784848485,375.40747
24,924,52.51065978424805,131.65440018497924,521.1699737981602,516.6237
33,924,46.93328390401417,200.542519174957,300.83114731060607,289.32956
8,924,46.171835263665926,120.43498516169504,634.3320760779221,631.88617
7,924,45.80861506699397,115.92898828402288,550.3855790779221,559.961
22,924,44.6404626262816,126.75590746081674,220.96690580519478,208.47049
6,924,43.58862402807839,112.62055577383802,507.3606892922078,502.51855
2,924,39.65949248331373,100.15888710379456,425.24878806709955,430.91132
17,924,38.88968489158908,111.90529659116048,415.26799028138527,407.04965
32,924,38.87333242255523,142.93447596863913,147.34655953571428,136.97296
34,924,38.38399927378856,111.31979479214675,327.4434113051948,312.8754
4,924,38.08742141313814,100.10677936103595,370.4574221201299,369.7138
12,924,37.442738223248874,140.41938939864832,236.80199024242427,228.358
16,924,37.23550133980605,136.1366012368762,193.56851839285716,188.74026
53,924,37.11870873889978,92.14216196766726,351.7806318722944,349.1437
19,924,36.83502779881279,113.67344248914331,284.43082353787884,272.37384
1,924,36.58655649109257,107.57009681751961,301.24679452997833,302.6172
13,924,36.11147227220288,128.70767703308795,209.10488098484848,199.38458
5,924,34.45919211838589,89.25593153494164,304.64593940389614,299.58807
18,924,33.724931867792,84.79843353925834,301.09243074080086,306.6772
23,924,32.17174552035395,80.11841628926618,236.12736031114719,232.19653
10,924,31.9566436057952,116.24823080963027,205.14293075865803,193.336
26,924,31.62273124646303,91.93523497736547,149.80158436471862,149.45985
15,924,30.64875913531377,78.8670744993424,230.119667741342,226.54231
35,924,28.229229195641324,86.01213144622407,166.2852434512987,162.45517
