family,observations,mean_absolute_error,median_absolute_error,p95_absolute_error,max_absolute_error
BEVERAGES,1512,475.2970098263372,304.75872802734375,1486.3718261718752,4021.911376953125
GROCERY I,1512,463.82733835339417,317.0699462890625,1380.459545898438,4268.625050781249
CLEANING,1512,250.43950158578377,133.15579223632812,854.832086181641,4777.9290771484375
PRODUCE,1512,198.0185950155365,120.88378735351563,660.6613347656248,2625.8008603515627
DAIRY,1512,82.16100931924487,52.739837646484375,253.16716918945312,1167.23681640625
BREAD/BAKERY,1512,56.011446361579694,36.62519177246094,169.76478159179698,1474.5654907226562
PERSONAL CARE,1512,49.77974911593886,29.497360229492188,162.34403839111332,989.14111328125
MEATS,1512,49.545135298307066,30.377353332519533,159.4234518310547,703.0359318847657
HOME CARE,1512,48.09698470433553,31.538890838623047,146.06121520996118,648.1726684570312
POULTRY,1512,47.510028005731336,28.503712463378918,139.846974975586,2925.2455390625
DELI,1512,37.72905466045319,27.9773876953125,107.01104664306641,261.4452666015625
EGGS,1512,34.36578831723127,20.437183380126953,104.30262603759773,855.8937835693359
"LIQUOR,WINE,BEER",1512,28.224357883450846,16.324883460998535,83.83652458190919,870.2406005859375
FROZEN FOODS,1512,23.099943497553873,15.11685562133789,70.73556642456057,385.65340332031246
PREPARED FOODS,1512,14.88580687887208,10.072096099853532,46.16436473559571,116.13151953125
SCHOOL AND OFFICE SUPPLIES,1512,14.382453423615535,0.8478517830371857,87.35342407226564,604.4634399414062
HOME AND KITCHEN II,1512,11.703324369475167,5.744044780731201,36.94241943359376,479.39865493774414
GROCERY II,1512,11.530307318182494,6.542254447937012,39.06188392639161,207.20703125
HOME AND KITCHEN I,1512,11.099260568303405,7.897677421569824,31.754735946655277,164.36804962158203
CELEBRATION,1512,5.711905906233128,3.8747441768646236,15.46606059074402,370.9682865142822
LAWN AND GARDEN,1512,4.908953390028771,2.749235153198242,17.93677425384522,41.32268524169922
SEAFOOD,1512,4.557417654743477,2.9681992530822754,14.093736469805926,51.1632382965088
LADIESWEAR,1512,4.210260246295196,2.308125376701355,15.447581291198736,60.87480163574219
PLAYERS AND ELECTRONICS,1512,3.722945496356164,2.715314507484436,10.541692626476292,26.34356689453125
LINGERIE,1512,3.6022055240929443,2.369415521621704,10.447087335586554,61.65347385406494
AUTOMOTIVE,1512,3.09290779441122,2.28830486536026,8.953554809093477,21.66089534759521
PET SUPPLIES,1512,2.984315499956239,1.9757903087884188,9.12066993713379,34.6635799407959
MAGAZINES,1512,2.863371664900567,1.9012689590454102,9.111764335632325,43.76978397369385
BEAUTY,1512,2.334597484721117,1.6854615211486816,6.586868572235108,23.27839469909668
HARDWARE,1512,1.2673677561700556,1.0,4.254985225200653,13.610449761152267
HOME APPLIANCES,1512,0.47568874243122067,0.0,2.0,5.0
BABY CARE,1512,0.45891664934587273,0.0,2.0,4.684262275695801
BOOKS,1512,0.33008559135856874,0.0,1.2139341831207275,4.516907215118408
