store_nbr,observations,mean_absolute_error,median_absolute_error,p95_absolute_error,max_absolute_error
44,924,126.90549891494379,16.177717447280884,559.0885131835934,3894.203125
40,924,107.99913117845111,4.917150855064392,589.5003784179643,3886.51953125
45,924,104.96890365849875,15.780488525390638,562.3429931640617,3197.7421875
47,924,104.75675274610626,12.106932495117178,465.52677734374953,3598.6708984375
46,924,97.41865246261538,10.219127655029297,489.70428924560275,3507.681640625
39,924,91.85407288474555,6.053462028503418,502.64899443359013,4777.9290771484375
3,924,86.85173843516573,12.394834594726575,489.55783300781206,2491.1298828125
28,924,86.44823940916415,6.344186782836914,424.4868116699215,4268.625050781249
48,924,83.7647550776238,10.476898193359375,401.5050446777341,3244.494140625
52,924,81.97226406872721,9.891079902648926,425.15848388671805,2610.63525390625
49,924,79.39964663685763,12.305896759033203,423.2820190429682,1592.697265625
20,924,75.83314667094284,5.981628656387329,323.76056518554674,3922.474853515625
41,924,75.6549918964529,7.7671965942382855,444.456476147459,2784.598388671875
51,924,74.83215906306638,10.194714302063005,390.1764125976554,2925.2455390625
11,924,72.95531039652512,7.295054912567139,341.09782714843664,1742.4442226562496
38,924,72.17173578994576,7.528177806854248,311.1401123046857,3290.948974609375
54,924,69.42618782146712,3.569481611251831,282.08479919433586,3508.8232421875
50,924,69.17318791360218,9.841901302337646,341.439433886718,1749.013671875
21,924,65.04714899406784,6.507709741592407,361.22962294921865,4109.273010253906
43,924,63.7122751526376,5.3003644943237305,298.31402138671814,2983.69384765625
31,924,62.116603811493114,5.402660250663757,325.51617470703115,2633.776428222656
29,924,58.83071329125844,5.552985429763794,307.2485168457023,1698.6720507812497
25,924,58.437343406124924,6.50679612159729,253.33972281494127,4021.911376953125
14,924,57.08052831147266,4.513728618621826,195.5859130859374,3272.3507690429688
27,924,56.158123346436625,8.187667404174805,284.8323627929686,2113.37841796875
37,924,55.822202082537814,7.2754058837890625,293.3595153808593,1310.58203125
42,924,55.60663735620159,6.302182674407959,252.12608947753864,2557.447265625
9,924,55.576045489538295,7.963578701019287,286.64401430664066,2075.951416015625
30,924,53.76208287432659,3.2560606002807617,204.2815001220687,3629.253662109375
24,924,52.95930052257971,9.120973587036133,293.1645766113277,1090.2958984375
36,924,52.073439812392294,5.55715121459961,219.12952519531245,1551.833984375
7,924,50.0487959250743,8.6301937007904,268.17456665039055,846.24755859375
8,924,49.43292812989021,9.835254486083983,230.16445312499894,1427.818359375
33,924,48.2428167722885,4.445157051086426,188.96396484374972,3852.4853515625
6,924,44.877685686578864,7.356365203857422,216.93398437499997,1375.31201171875
2,924,42.94921095059487,6.610441207885742,244.40046386718674,983.4609375
22,924,42.55454159120102,4.5947623004913325,238.50385244140614,1059.4375
17,924,41.89347223327377,5.6085429191589355,214.71104125976558,1489.33056640625
4,924,40.50983278034306,6.135051727294922,229.1835857910154,1185.82470703125
16,924,38.01977705317901,3.7158381938934326,215.03328247070283,2073.9664306640625
12,924,37.75575474450728,4.488013029098511,168.7569587707519,1994.87744140625
32,924,37.57718853610959,2.235959454774857,196.74445800781243,1565.1109619140625
34,924,37.31534085146136,5.0923542976379395,186.42704946289047,1229.221935546875
53,924,37.02667904021509,5.737165695190427,181.26286621093732,806.0546875
19,924,36.83569179517087,5.003781318664551,150.4628584472653,1081.979248046875
13,924,35.744168260166134,4.00029182434082,200.0681518554685,1872.4512939453125
1,924,35.71601446542731,6.081324219703674,169.9646734374992,1334.032470703125
18,924,34.76869094606376,6.077808856964111,175.84356972656212,621.9384082031247
5,924,34.05350249714068,5.762538860321044,155.56541340332012,934.849365234375
23,924,32.01565753404154,4.661399841308594,174.34289550781247,703.0359318847657
26,924,31.395048382487317,4.012606143951416,164.4366592407225,1205.100830078125
10,924,30.896439940854442,3.3600823879241943,147.6183555603027,1748.0982360839844
15,924,29.82362485648999,4.442723512649536,165.37428364257812,577.6287841796875
35,924,28.987827576807025,3.4212458729743958,134.77474975585923,1171.47998046875
