date,store_nbr,family,weekday,sales,predicted,error,absolute_error,squared_error,demand_group
2017-07-27,39,CLEANING,Thursday,5836.0,1058.0709,4777.9290771484375,4777.9290771484375,22828606.26626052,"(416.108, 18340.0]"
2017-08-12,28,GROCERY I,Saturday,9841.523,5572.898,4268.625050781249,4268.625050781249,18221159.824157223,"(416.108, 18340.0]"
2017-07-27,21,CLEANING,Thursday,4860.0,750.727,4109.273010253906,4109.273010253906,16886124.6728012,"(416.108, 18340.0]"
2017-08-11,25,BEVERAGES,Friday,6318.0,2296.0886,4021.911376953125,4021.911376953125,16175771.124064982,"(416.108, 18340.0]"
2017-07-29,20,CLEANING,Saturday,6081.0,2158.5251,3922.474853515625,3922.474853515625,15385808.976462424,"(416.108, 18340.0]"
2017-07-30,44,BEVERAGES,Sunday,18340.0,14445.797,3894.203125,3894.203125,15164817.978759766,"(416.108, 18340.0]"
2017-08-12,40,GROCERY I,Saturday,10739.0,6852.4805,3886.51953125,3886.51953125,15105034.06678772,"(416.108, 18340.0]"
2017-08-13,44,GROCERY I,Sunday,9811.0,13665.405,-3854.4052734375,3854.4052734375,14856440.01190281,"(416.108, 18340.0]"
2017-07-21,33,BEVERAGES,Friday,5757.0,1904.5146,3852.4853515625,3852.4853515625,14841643.38400364,"(416.108, 18340.0]"
2017-08-13,28,GROCERY I,Sunday,11002.664,7218.321,3784.343199218751,3784.343199218751,14321253.44947321,"(416.108, 18340.0]"
2017-08-04,40,BEVERAGES,Friday,8272.0,4519.6426,3752.357421875,3752.357421875,14080186.221500397,"(416.108, 18340.0]"
2017-07-27,30,GROCERY I,Thursday,5453.0,1823.7463,3629.253662109375,3629.253662109375,13171482.14393431,"(416.108, 18340.0]"
2017-08-13,47,GROCERY I,Sunday,10110.0,13708.671,-3598.6708984375,3598.6708984375,12950432.235260963,"(416.108, 18340.0]"
2017-08-12,44,GROCERY I,Saturday,9391.0,12954.883,-3563.8828125,3563.8828125,12701260.70123291,"(416.108, 18340.0]"
2017-08-06,54,BEVERAGES,Sunday,8552.0,5043.177,3508.8232421875,3508.8232421875,12311840.5449152,"(416.108, 18340.0]"
2017-08-12,46,GROCERY I,Saturday,9218.0,12725.682,-3507.681640625,3507.681640625,12303830.491977692,"(416.108, 18340.0]"
2017-08-13,46,GROCERY I,Sunday,10557.0,13991.904,-3434.904296875,3434.904296875,11798567.528690338,"(416.108, 18340.0]"
2017-08-13,44,BEVERAGES,Sunday,10491.0,13881.949,-3390.94921875,3390.94921875,11498536.604141235,"(416.108, 18340.0]"
2017-08-12,44,BEVERAGES,Saturday,9624.0,12973.608,-3349.6083984375,3349.6083984375,11219876.422883034,"(416.108, 18340.0]"
2017-07-28,40,BEVERAGES,Friday,6634.0,3291.6606,3342.33935546875,3342.33935546875,11171232.36711526,"(416.108, 18340.0]"
2017-08-12,47,BEVERAGES,Saturday,7833.0,11139.021,-3306.021484375,3306.021484375,10929778.055149078,"(416.108, 18340.0]"
2017-08-02,38,BEVERAGES,Wednesday,6925.0,3634.051,3290.948974609375,3290.948974609375,10830345.153482497,"(416.108, 18340.0]"
2017-08-12,33,BEVERAGES,Saturday,5257.0,1978.964,3278.0360107421875,3278.0360107421875,10745520.087722557,"(416.108, 18340.0]"
2017-07-27,14,CLEANING,Thursday,4042.0,769.64923,3272.3507690429688,3272.3507690429688,10708279.555656107,"(416.108, 18340.0]"
2017-08-12,48,GROCERY I,Saturday,8306.0,11550.494,-3244.494140625,3244.494140625,10526742.228549955,"(416.108, 18340.0]"
2017-08-01,38,BEVERAGES,Tuesday,6098.0,2864.1726,3233.827392578125,3233.827392578125,10457639.604988636,"(416.108, 18340.0]"
2017-08-12,45,GROCERY I,Saturday,9917.0,13114.742,-3197.7421875,3197.7421875,10225555.097717283,"(416.108, 18340.0]"
2017-07-29,40,CLEANING,Saturday,5942.0,2749.7612,3192.23876953125,3192.23876953125,10190388.361698387,"(416.108, 18340.0]"
2017-08-04,43,BEVERAGES,Friday,7612.0,4628.306,2983.69384765625,2983.69384765625,8902428.976541758,"(416.108, 18340.0]"
2017-07-29,40,GROCERY I,Saturday,9088.0,6114.639,2973.36083984375,2973.36083984375,8840874.68391633,"(416.108, 18340.0]"
2017-08-12,47,GROCERY I,Saturday,9258.0,12221.6875,-2963.6875,2963.6875,8783443.59765625,"(416.108, 18340.0]"
2017-08-11,51,POULTRY,Friday,1081.482,4006.7275,-2925.2455390625,2925.2455390625,8557061.463805057,"(416.108, 18340.0]"
2017-08-02,39,CLEANING,Wednesday,6263.0,3382.2122,2880.787841796875,2880.787841796875,8298938.589444697,"(416.108, 18340.0]"
2017-08-04,14,CLEANING,Friday,950.0,3822.7256,-2872.7255859375,2872.7255859375,8252552.292099953,"(416.108, 18340.0]"
2017-07-29,44,BEVERAGES,Saturday,16087.0,13231.826,2855.173828125,2855.173828125,8152017.588809967,"(416.108, 18340.0]"
2017-08-06,47,GROCERY I,Sunday,13166.0,15985.982,-2819.982421875,2819.982421875,7952300.8596839905,"(416.108, 18340.0]"
2017-07-30,54,BEVERAGES,Sunday,4394.0,7197.9766,-2803.9765625,2803.9765625,7862284.563049316,"(416.108, 18340.0]"
2017-08-13,54,BEVERAGES,Sunday,4824.0,7621.9824,-2797.982421875,2797.982421875,7828705.63312149,"(416.108, 18340.0]"
2017-07-19,41,GROCERY I,Wednesday,6232.0,3447.4016,2784.598388671875,2784.598388671875,7753988.186194003,"(416.108, 18340.0]"
2017-08-08,54,BEVERAGES,Tuesday,5644.0,2891.2583,2752.74169921875,2752.74169921875,7577586.862617731,"(416.108, 18340.0]"
2017-08-15,30,BEVERAGES,Tuesday,4052.0,1306.5398,2745.460205078125,2745.460205078125,7537551.73766762,"(416.108, 18340.0]"
2017-08-12,54,BEVERAGES,Saturday,1827.0,4522.2534,-2695.25341796875,2695.25341796875,7264390.987072229,"(416.108, 18340.0]"
2017-07-28,20,CLEANING,Friday,3819.0,1170.695,2648.305053710937,2648.305053710937,7013519.657510892,"(416.108, 18340.0]"
2017-07-27,31,CLEANING,Thursday,3500.0,866.2236,2633.776428222656,2633.776428222656,6936778.273861293,"(416.108, 18340.0]"
2017-08-13,45,BEVERAGES,Sunday,10671.0,13304.437,-2633.4365234375,2633.4365234375,6934987.9229745865,"(416.108, 18340.0]"
2017-08-11,25,PRODUCE,Friday,4266.269,1640.4681,2625.8008603515627,2625.8008603515627,6894830.158223007,"(416.108, 18340.0]"
2017-08-14,46,GROCERY I,Monday,7570.0,10194.72,-2624.7197265625,2624.7197265625,6889153.643006325,"(416.108, 18340.0]"
2017-07-29,52,GROCERY I,Saturday,9604.0,6993.3647,2610.63525390625,2610.63525390625,6815416.42893815,"(416.108, 18340.0]"
2017-07-30,40,CLEANING,Sunday,5652.0,3058.2932,2593.706787109375,2593.706787109375,6727314.897497237,"(416.108, 18340.0]"
2017-07-30,38,CLEANING,Sunday,4145.0,1551.8033,2593.196655273437,2593.196655273437,6724668.892921343,"(416.108, 18340.0]"
